"year","topic","indicator","unit","estimate","seestimate","lowerlimit","upperlimit","estimatefootnote","datasource","population","age","race","sex","education","other_stratification"
"2000","Burden/Magnitude","Diagnosed Diabetes","Percentage","1.9","0.1","1.7","2.2",,"National Health Interview Survey (NHIS)","Adults Aged 18+ Years","18-44","All","All","All",
"2000","Burden/Magnitude","Diagnosed Diabetes","Percentage","8.3","0.3","7.7","9",,"National Health Interview Survey (NHIS)","Adults Aged 18+ Years","45-64","All","All","All",
"2000","Burden/Magnitude","Diagnosed Diabetes","Percentage","15.8","0.8","14.3","17.3",,"National Health Interview Survey (NHIS)","Adults Aged 18+ Years","65-74","All","All","All",
"2000","Burden/Magnitude","Diagnosed Diabetes","Percentage","13.2","0.7","11.8","14.7",,"National Health Interview Survey (NHIS)","Adults Aged 18+ Years","75+","All","All","All",
"2000","Burden/Magnitude","Diagnosed Diabetes","Percentage","6","0.1","5.7","6.3",,"National Health Interview Survey (NHIS)","Adults Aged 18+ Years","Age-Adjusted","All","All","All",
"2000","Burden/Magnitude","Diagnosed Diabetes","Percentage","5.9","0.1","5.6","6.2",,"National Health Interview Survey (NHIS)","Adults Aged 18+ Years","Crude","All","All","All",
"2001","Burden/Magnitude","Diagnosed Diabetes","Percentage","2","0.1","1.8","2.2",,"National Health Interview Survey (NHIS)","Adults Aged 18+ Years","18-44","All","All","All",
"2001","Burden/Magnitude","Diagnosed Diabetes","Percentage","9.3","0.4","8.6","10.1",,"National Health Interview Survey (NHIS)","Adults Aged 18+ Years","45-64","All","All","All",
"2001","Burden/Magnitude","Diagnosed Diabetes","Percentage","16.7","0.7","15.3","18.1",,"National Health Interview Survey (NHIS)","Adults Aged 18+ Years","65-74","All","All","All",
"2001","Burden/Magnitude","Diagnosed Diabetes","Percentage","13.6","0.7","12.3","15",,"National Health Interview Survey (NHIS)","Adults Aged 18+ Years","75+","All","All","All",
"2001","Burden/Magnitude","Diagnosed Diabetes","Percentage","6.4","0.2","6.1","6.8",,"National Health Interview Survey (NHIS)","Adults Aged 18+ Years","Age-Adjusted","All","All","All",
"2001","Burden/Magnitude","Diagnosed Diabetes","Percentage","6.4","0.2","6.1","6.7",,"National Health Interview Survey (NHIS)","Adults Aged 18+ Years","Crude","All","All","All",
"2002","Burden/Magnitude","Diagnosed Diabetes","Percentage","1.9","0.1","1.7","2.2",,"National Health Interview Survey (NHIS)","Adults Aged 18+ Years","18-44","All","All","All",
"2002","Burden/Magnitude","Diagnosed Diabetes","Percentage","9.3","0.3","8.7","10",,"National Health Interview Survey (NHIS)","Adults Aged 18+ Years","45-64","All","All","All",
"2002","Burden/Magnitude","Diagnosed Diabetes","Percentage","17","0.8","15.6","18.6",,"National Health Interview Survey (NHIS)","Adults Aged 18+ Years","65-74","All","All","All",
"2002","Burden/Magnitude","Diagnosed Diabetes","Percentage","14.8","0.8","13.3","16.4",,"National Health Interview Survey (NHIS)","Adults Aged 18+ Years","75+","All","All","All",
"2002","Burden/Magnitude","Diagnosed Diabetes","Percentage","6.5","0.2","6.2","6.8",,"National Health Interview Survey (NHIS)","Adults Aged 18+ Years","Age-Adjusted","All","All","All",
"2002","Burden/Magnitude","Diagnosed Diabetes","Percentage","6.5","0.2","6.2","6.8",,"National Health Interview Survey (NHIS)","Adults Aged 18+ Years","Crude","All","All","All",
"2003","Burden/Magnitude","Diagnosed Diabetes","Percentage","1.9","0.1","1.7","2.2",,"National Health Interview Survey (NHIS)","Adults Aged 18+ Years","18-44","All","All","All",
"2003","Burden/Magnitude","Diagnosed Diabetes","Percentage","9.1","0.3","8.5","9.8",,"National Health Interview Survey (NHIS)","Adults Aged 18+ Years","45-64","All","All","All",
"2003","Burden/Magnitude","Diagnosed Diabetes","Percentage","17.6","0.9","16","19.4",,"National Health Interview Survey (NHIS)","Adults Aged 18+ Years","65-74","All","All","All",
"2003","Burden/Magnitude","Diagnosed Diabetes","Percentage","15.5","0.8","13.9","17.1",,"National Health Interview Survey (NHIS)","Adults Aged 18+ Years","75+","All","All","All",
"2003","Burden/Magnitude","Diagnosed Diabetes","Percentage","6.6","0.2","6.3","6.9",,"National Health Interview Survey (NHIS)","Adults Aged 18+ Years","Age-Adjusted","All","All","All",
"2003","Burden/Magnitude","Diagnosed Diabetes","Percentage","6.6","0.2","6.3","6.9",,"National Health Interview Survey (NHIS)","Adults Aged 18+ Years","Crude","All","All","All",
"2004","Burden/Magnitude","Diagnosed Diabetes","Percentage","2","0.1","1.7","2.2",,"National Health Interview Survey (NHIS)","Adults Aged 18+ Years","18-44","All","All","All",
"2004","Burden/Magnitude","Diagnosed Diabetes","Percentage","9.9","0.3","9.3","10.6",,"National Health Interview Survey (NHIS)","Adults Aged 18+ Years","45-64","All","All","All",
"2004","Burden/Magnitude","Diagnosed Diabetes","Percentage","18.5","0.8","16.9","20.2",,"National Health Interview Survey (NHIS)","Adults Aged 18+ Years","65-74","All","All","All",
"2004","Burden/Magnitude","Diagnosed Diabetes","Percentage","16","0.8","14.6","17.6",,"National Health Interview Survey (NHIS)","Adults Aged 18+ Years","75+","All","All","All",
"2004","Burden/Magnitude","Diagnosed Diabetes","Percentage","7","0.2","6.7","7.3",,"National Health Interview Survey (NHIS)","Adults Aged 18+ Years","Age-Adjusted","All","All","All",
"2004","Burden/Magnitude","Diagnosed Diabetes","Percentage","7","0.2","6.7","7.4",,"National Health Interview Survey (NHIS)","Adults Aged 18+ Years","Crude","All","All","All",
"2005","Burden/Magnitude","Diagnosed Diabetes","Percentage","2.4","0.2","2.1","2.7",,"National Health Interview Survey (NHIS)","Adults Aged 18+ Years","18-44","All","All","All",
"2005","Burden/Magnitude","Diagnosed Diabetes","Percentage","10.5","0.3","9.9","11.2",,"National Health Interview Survey (NHIS)","Adults Aged 18+ Years","45-64","All","All","All",
"2005","Burden/Magnitude","Diagnosed Diabetes","Percentage","18.6","0.8","17.1","20.2",,"National Health Interview Survey (NHIS)","Adults Aged 18+ Years","65-74","All","All","All",
"2005","Burden/Magnitude","Diagnosed Diabetes","Percentage","15.3","0.7","13.9","16.8",,"National Health Interview Survey (NHIS)","Adults Aged 18+ Years","75+","All","All","All",
"2005","Burden/Magnitude","Diagnosed Diabetes","Percentage","7.3","0.2","7","7.6",,"National Health Interview Survey (NHIS)","Adults Aged 18+ Years","Age-Adjusted","All","All","All",
"2005","Burden/Magnitude","Diagnosed Diabetes","Percentage","7.4","0.2","7.1","7.8",,"National Health Interview Survey (NHIS)","Adults Aged 18+ Years","Crude","All","All","All",
"2006","Burden/Magnitude","Diagnosed Diabetes","Percentage","2.7","0.2","2.3","3",,"National Health Interview Survey (NHIS)","Adults Aged 18+ Years","18-44","All","All","All",
"2006","Burden/Magnitude","Diagnosed Diabetes","Percentage","10.5","0.4","9.6","11.4",,"National Health Interview Survey (NHIS)","Adults Aged 18+ Years","45-64","All","All","All",
"2006","Burden/Magnitude","Diagnosed Diabetes","Percentage","18.2","0.9","16.4","20.1",,"National Health Interview Survey (NHIS)","Adults Aged 18+ Years","65-74","All","All","All",
"2006","Burden/Magnitude","Diagnosed Diabetes","Percentage","17.9","1","16","20",,"National Health Interview Survey (NHIS)","Adults Aged 18+ Years","75+","All","All","All",
"2006","Burden/Magnitude","Diagnosed Diabetes","Percentage","7.6","0.2","7.2","8",,"National Health Interview Survey (NHIS)","Adults Aged 18+ Years","Age-Adjusted","All","All","All",
"2006","Burden/Magnitude","Diagnosed Diabetes","Percentage","7.8","0.2","7.3","8.2",,"National Health Interview Survey (NHIS)","Adults Aged 18+ Years","Crude","All","All","All",
"2007","Burden/Magnitude","Diagnosed Diabetes","Percentage","2.2","0.2","1.9","2.6",,"National Health Interview Survey (NHIS)","Adults Aged 18+ Years","18-44","All","All","All",
"2007","Burden/Magnitude","Diagnosed Diabetes","Percentage","10.6","0.4","9.9","11.5",,"National Health Interview Survey (NHIS)","Adults Aged 18+ Years","45-64","All","All","All",
"2007","Burden/Magnitude","Diagnosed Diabetes","Percentage","20","0.9","18.3","21.8",,"National Health Interview Survey (NHIS)","Adults Aged 18+ Years","65-74","All","All","All",
"2007","Burden/Magnitude","Diagnosed Diabetes","Percentage","17.3","1","15.4","19.3",,"National Health Interview Survey (NHIS)","Adults Aged 18+ Years","75+","All","All","All",
"2007","Burden/Magnitude","Diagnosed Diabetes","Percentage","7.5","0.2","7.1","7.9",,"National Health Interview Survey (NHIS)","Adults Aged 18+ Years","Age-Adjusted","All","All","All",
"2007","Burden/Magnitude","Diagnosed Diabetes","Percentage","7.7","0.2","7.3","8.2",,"National Health Interview Survey (NHIS)","Adults Aged 18+ Years","Crude","All","All","All",
"2008","Burden/Magnitude","Diagnosed Diabetes","Percentage","2.3","0.2","2","2.7",,"National Health Interview Survey (NHIS)","Adults Aged 18+ Years","18-44","All","All","All",
"2008","Burden/Magnitude","Diagnosed Diabetes","Percentage","11.9","0.5","11","12.9",,"National Health Interview Survey (NHIS)","Adults Aged 18+ Years","45-64","All","All","All",
"2008","Burden/Magnitude","Diagnosed Diabetes","Percentage","19.8","0.9","18.1","21.8",,"National Health Interview Survey (NHIS)","Adults Aged 18+ Years","65-74","All","All","All",
"2008","Burden/Magnitude","Diagnosed Diabetes","Percentage","16.9","0.9","15.1","18.8",,"National Health Interview Survey (NHIS)","Adults Aged 18+ Years","75+","All","All","All",
"2008","Burden/Magnitude","Diagnosed Diabetes","Percentage","7.9","0.2","7.5","8.4",,"National Health Interview Survey (NHIS)","Adults Aged 18+ Years","Age-Adjusted","All","All","All",
"2008","Burden/Magnitude","Diagnosed Diabetes","Percentage","8.3","0.2","7.8","8.7",,"National Health Interview Survey (NHIS)","Adults Aged 18+ Years","Crude","All","All","All",
"2009","Burden/Magnitude","Diagnosed Diabetes","Percentage","2.9","0.2","2.6","3.4",,"National Health Interview Survey (NHIS)","Adults Aged 18+ Years","18-44","All","All","All",
"2009","Burden/Magnitude","Diagnosed Diabetes","Percentage","12.5","0.5","11.6","13.5",,"National Health Interview Survey (NHIS)","Adults Aged 18+ Years","45-64","All","All","All",
"2009","Burden/Magnitude","Diagnosed Diabetes","Percentage","19.9","0.9","18.2","21.8",,"National Health Interview Survey (NHIS)","Adults Aged 18+ Years","65-74","All","All","All",
"2009","Burden/Magnitude","Diagnosed Diabetes","Percentage","18.9","1","17","21",,"National Health Interview Survey (NHIS)","Adults Aged 18+ Years","75+","All","All","All",
"2009","Burden/Magnitude","Diagnosed Diabetes","Percentage","8.6","0.2","8.2","9",,"National Health Interview Survey (NHIS)","Adults Aged 18+ Years","Age-Adjusted","All","All","All",
"2009","Burden/Magnitude","Diagnosed Diabetes","Percentage","9","0.2","8.6","9.5",,"National Health Interview Survey (NHIS)","Adults Aged 18+ Years","Crude","All","All","All",
"2010","Burden/Magnitude","Diagnosed Diabetes","Percentage","2.7","0.2","2.4","3.1",,"National Health Interview Survey (NHIS)","Adults Aged 18+ Years","18-44","All","All","All",
"2010","Burden/Magnitude","Diagnosed Diabetes","Percentage","12.1","0.4","11.3","12.8",,"National Health Interview Survey (NHIS)","Adults Aged 18+ Years","45-64","All","All","All",
"2010","Burden/Magnitude","Diagnosed Diabetes","Percentage","21.4","0.9","19.7","23.3",,"National Health Interview Survey (NHIS)","Adults Aged 18+ Years","65-74","All","All","All",
"2010","Burden/Magnitude","Diagnosed Diabetes","Percentage","21.3","0.9","19.6","23.2",,"National Health Interview Survey (NHIS)","Adults Aged 18+ Years","75+","All","All","All",
"2010","Burden/Magnitude","Diagnosed Diabetes","Percentage","8.7","0.2","8.3","9.1",,"National Health Interview Survey (NHIS)","Adults Aged 18+ Years","Age-Adjusted","All","All","All",
"2010","Burden/Magnitude","Diagnosed Diabetes","Percentage","9.1","0.2","8.8","9.5",,"National Health Interview Survey (NHIS)","Adults Aged 18+ Years","Crude","All","All","All",
"2011","Burden/Magnitude","Diagnosed Diabetes","Percentage","2.4","0.1","2.2","2.7",,"National Health Interview Survey (NHIS)","Adults Aged 18+ Years","18-44","All","All","All",
"2011","Burden/Magnitude","Diagnosed Diabetes","Percentage","12","0.4","11.3","12.8",,"National Health Interview Survey (NHIS)","Adults Aged 18+ Years","45-64","All","All","All",
"2011","Burden/Magnitude","Diagnosed Diabetes","Percentage","22.2","0.7","20.9","23.7",,"National Health Interview Survey (NHIS)","Adults Aged 18+ Years","65-74","All","All","All",
"2011","Burden/Magnitude","Diagnosed Diabetes","Percentage","18.7","0.8","17.1","20.4",,"National Health Interview Survey (NHIS)","Adults Aged 18+ Years","75+","All","All","All",
"2011","Burden/Magnitude","Diagnosed Diabetes","Percentage","8.4","0.2","8.1","8.7",,"National Health Interview Survey (NHIS)","Adults Aged 18+ Years","Age-Adjusted","All","All","All",
"2011","Burden/Magnitude","Diagnosed Diabetes","Percentage","8.9","0.2","8.6","9.3",,"National Health Interview Survey (NHIS)","Adults Aged 18+ Years","Crude","All","All","All",
"2012","Burden/Magnitude","Diagnosed Diabetes","Percentage","2.4","0.2","2.1","2.7",,"National Health Interview Survey (NHIS)","Adults Aged 18+ Years","18-44","All","All","All",
"2012","Burden/Magnitude","Diagnosed Diabetes","Percentage","12.5","0.4","11.8","13.3",,"National Health Interview Survey (NHIS)","Adults Aged 18+ Years","45-64","All","All","All",
"2012","Burden/Magnitude","Diagnosed Diabetes","Percentage","20.5","0.8","19","22.1",,"National Health Interview Survey (NHIS)","Adults Aged 18+ Years","65-74","All","All","All",
"2012","Burden/Magnitude","Diagnosed Diabetes","Percentage","19.4","0.8","17.8","21.1",,"National Health Interview Survey (NHIS)","Adults Aged 18+ Years","75+","All","All","All",
"2012","Burden/Magnitude","Diagnosed Diabetes","Percentage","8.4","0.2","8.1","8.8",,"National Health Interview Survey (NHIS)","Adults Aged 18+ Years","Age-Adjusted","All","All","All",
"2012","Burden/Magnitude","Diagnosed Diabetes","Percentage","9.1","0.2","8.7","9.5",,"National Health Interview Survey (NHIS)","Adults Aged 18+ Years","Crude","All","All","All",
"2013","Burden/Magnitude","Diagnosed Diabetes","Percentage","2.7","0.2","2.3","3",,"National Health Interview Survey (NHIS)","Adults Aged 18+ Years","18-44","All","All","All",
"2013","Burden/Magnitude","Diagnosed Diabetes","Percentage","12.3","0.4","11.6","13.1",,"National Health Interview Survey (NHIS)","Adults Aged 18+ Years","45-64","All","All","All",
"2013","Burden/Magnitude","Diagnosed Diabetes","Percentage","21","0.8","19.6","22.6",,"National Health Interview Survey (NHIS)","Adults Aged 18+ Years","65-74","All","All","All",
"2013","Burden/Magnitude","Diagnosed Diabetes","Percentage","20.9","0.9","19.2","22.7",,"National Health Interview Survey (NHIS)","Adults Aged 18+ Years","75+","All","All","All",
"2013","Burden/Magnitude","Diagnosed Diabetes","Percentage","8.7","0.2","8.4","9",,"National Health Interview Survey (NHIS)","Adults Aged 18+ Years","Age-Adjusted","All","All","All",
"2013","Burden/Magnitude","Diagnosed Diabetes","Percentage","9.3","0.2","9","9.7",,"National Health Interview Survey (NHIS)","Adults Aged 18+ Years","Crude","All","All","All",
"2014","Burden/Magnitude","Diagnosed Diabetes","Percentage","2.4","0.2","2.1","2.8",,"National Health Interview Survey (NHIS)","Adults Aged 18+ Years","18-44","All","All","All",
"2014","Burden/Magnitude","Diagnosed Diabetes","Percentage","12","0.4","11.3","12.8",,"National Health Interview Survey (NHIS)","Adults Aged 18+ Years","45-64","All","All","All",
"2014","Burden/Magnitude","Diagnosed Diabetes","Percentage","21.5","0.7","20.1","22.9",,"National Health Interview Survey (NHIS)","Adults Aged 18+ Years","65-74","All","All","All",
"2014","Burden/Magnitude","Diagnosed Diabetes","Percentage","19.2","0.9","17.5","21",,"National Health Interview Survey (NHIS)","Adults Aged 18+ Years","75+","All","All","All",
"2014","Burden/Magnitude","Diagnosed Diabetes","Percentage","8.4","0.2","8","8.7",,"National Health Interview Survey (NHIS)","Adults Aged 18+ Years","Age-Adjusted","All","All","All",
"2014","Burden/Magnitude","Diagnosed Diabetes","Percentage","9.1","0.2","8.8","9.5",,"National Health Interview Survey (NHIS)","Adults Aged 18+ Years","Crude","All","All","All",
"2015","Burden/Magnitude","Diagnosed Diabetes","Percentage","2.2","0.1","1.9","2.5",,"National Health Interview Survey (NHIS)","Adults Aged 18+ Years","18-44","All","All","All",
"2015","Burden/Magnitude","Diagnosed Diabetes","Percentage","12.8","0.4","11.9","13.7",,"National Health Interview Survey (NHIS)","Adults Aged 18+ Years","45-64","All","All","All",
"2015","Burden/Magnitude","Diagnosed Diabetes","Percentage","22.1","0.9","20.4","23.8",,"National Health Interview Survey (NHIS)","Adults Aged 18+ Years","65-74","All","All","All",
"2015","Burden/Magnitude","Diagnosed Diabetes","Percentage","21.2","0.9","19.5","23.1",,"National Health Interview Survey (NHIS)","Adults Aged 18+ Years","75+","All","All","All",
"2015","Burden/Magnitude","Diagnosed Diabetes","Percentage","8.7","0.2","8.3","9.1",,"National Health Interview Survey (NHIS)","Adults Aged 18+ Years","Age-Adjusted","All","All","All",
"2015","Burden/Magnitude","Diagnosed Diabetes","Percentage","9.6","0.2","9.2","10",,"National Health Interview Survey (NHIS)","Adults Aged 18+ Years","Crude","All","All","All",
"2016","Burden/Magnitude","Diagnosed Diabetes","Percentage","2.8","0.2","2.4","3.2",,"National Health Interview Survey (NHIS)","Adults Aged 18+ Years","18-44","All","All","All",
"2016","Burden/Magnitude","Diagnosed Diabetes","Percentage","12.1","0.4","11.2","12.9",,"National Health Interview Survey (NHIS)","Adults Aged 18+ Years","45-64","All","All","All",
"2016","Burden/Magnitude","Diagnosed Diabetes","Percentage","22","0.8","20.5","23.6",,"National Health Interview Survey (NHIS)","Adults Aged 18+ Years","65-74","All","All","All",
"2016","Burden/Magnitude","Diagnosed Diabetes","Percentage","18.6","0.8","17.1","20.2",,"National Health Interview Survey (NHIS)","Adults Aged 18+ Years","75+","All","All","All",
"2016","Burden/Magnitude","Diagnosed Diabetes","Percentage","8.5","0.2","8.2","8.9",,"National Health Interview Survey (NHIS)","Adults Aged 18+ Years","Age-Adjusted","All","All","All",
"2016","Burden/Magnitude","Diagnosed Diabetes","Percentage","9.4","0.2","9","9.9",,"National Health Interview Survey (NHIS)","Adults Aged 18+ Years","Crude","All","All","All",
"2017","Burden/Magnitude","Diagnosed Diabetes","Percentage","2.7","0.2","2.3","3.1",,"National Health Interview Survey (NHIS)","Adults Aged 18+ Years","18-44","All","All","All",
"2017","Burden/Magnitude","Diagnosed Diabetes","Percentage","12.7","0.5","11.8","13.7",,"National Health Interview Survey (NHIS)","Adults Aged 18+ Years","45-64","All","All","All",
"2017","Burden/Magnitude","Diagnosed Diabetes","Percentage","19.1","0.7","17.8","20.5",,"National Health Interview Survey (NHIS)","Adults Aged 18+ Years","65-74","All","All","All",
"2017","Burden/Magnitude","Diagnosed Diabetes","Percentage","19","0.9","17.3","20.9",,"National Health Interview Survey (NHIS)","Adults Aged 18+ Years","75+","All","All","All",
"2017","Burden/Magnitude","Diagnosed Diabetes","Percentage","8.5","0.2","8.1","8.9",,"National Health Interview Survey (NHIS)","Adults Aged 18+ Years","Age-Adjusted","All","All","All",
"2017","Burden/Magnitude","Diagnosed Diabetes","Percentage","9.3","0.2","8.9","9.8",,"National Health Interview Survey (NHIS)","Adults Aged 18+ Years","Crude","All","All","All",
"2018","Burden/Magnitude","Diagnosed Diabetes","Percentage","3.3","0.2","2.9","3.7",,"National Health Interview Survey (NHIS)","Adults Aged 18+ Years","18-44","All","All","All",
"2018","Burden/Magnitude","Diagnosed Diabetes","Percentage","12.4","0.5","11.5","13.4",,"National Health Interview Survey (NHIS)","Adults Aged 18+ Years","45-64","All","All","All",
"2018","Burden/Magnitude","Diagnosed Diabetes","Percentage","21.4","0.7","19.9","22.9",,"National Health Interview Survey (NHIS)","Adults Aged 18+ Years","65-74","All","All","All",
"2018","Burden/Magnitude","Diagnosed Diabetes","Percentage","21.8","1","19.9","23.7",,"National Health Interview Survey (NHIS)","Adults Aged 18+ Years","75+","All","All","All",
"2018","Burden/Magnitude","Diagnosed Diabetes","Percentage","9.1","0.2","8.7","9.6",,"National Health Interview Survey (NHIS)","Adults Aged 18+ Years","Age-Adjusted","All","All","All",
"2018","Burden/Magnitude","Diagnosed Diabetes","Percentage","10.1","0.2","9.6","10.6",,"National Health Interview Survey (NHIS)","Adults Aged 18+ Years","Crude","All","All","All",
"2019","Burden/Magnitude","Diagnosed Diabetes","Percentage","2.4","0.2","2.1","2.8",,"National Health Interview Survey (NHIS)","Adults Aged 18+ Years","18-44","All","All","All",
"2019","Burden/Magnitude","Diagnosed Diabetes","Percentage","12.2","0.4","11.4","12.9",,"National Health Interview Survey (NHIS)","Adults Aged 18+ Years","45-64","All","All","All",
"2019","Burden/Magnitude","Diagnosed Diabetes","Percentage","19.5","0.7","18.2","20.8",,"National Health Interview Survey (NHIS)","Adults Aged 18+ Years","65-74","All","All","All",
"2019","Burden/Magnitude","Diagnosed Diabetes","Percentage","20.7","0.7","19.3","22.2",,"National Health Interview Survey (NHIS)","Adults Aged 18+ Years","75+","All","All","All",
"2019","Burden/Magnitude","Diagnosed Diabetes","Percentage","8.3","0.2","8","8.7",,"National Health Interview Survey (NHIS)","Adults Aged 18+ Years","Age-Adjusted","All","All","All",
"2019","Burden/Magnitude","Diagnosed Diabetes","Percentage","9.3","0.2","9","9.7",,"National Health Interview Survey (NHIS)","Adults Aged 18+ Years","Crude","All","All","All",
"2020","Burden/Magnitude","Diagnosed Diabetes","Percentage","2.4","0.2","2.1","2.8",,"National Health Interview Survey (NHIS)","Adults Aged 18+ Years","18-44","All","All","All",
"2020","Burden/Magnitude","Diagnosed Diabetes","Percentage","11.3","0.4","10.5","12.1",,"National Health Interview Survey (NHIS)","Adults Aged 18+ Years","45-64","All","All","All",
"2020","Burden/Magnitude","Diagnosed Diabetes","Percentage","20.6","0.7","19.2","21.9",,"National Health Interview Survey (NHIS)","Adults Aged 18+ Years","65-74","All","All","All",
"2020","Burden/Magnitude","Diagnosed Diabetes","Percentage","21","0.8","19.3","22.7",,"National Health Interview Survey (NHIS)","Adults Aged 18+ Years","75+","All","All","All",
"2020","Burden/Magnitude","Diagnosed Diabetes","Percentage","8.2","0.2","7.9","8.6",,"National Health Interview Survey (NHIS)","Adults Aged 18+ Years","Age-Adjusted","All","All","All",
"2020","Burden/Magnitude","Diagnosed Diabetes","Percentage","9.3","0.2","8.9","9.7",,"National Health Interview Survey (NHIS)","Adults Aged 18+ Years","Crude","All","All","All",
"2021","Burden/Magnitude","Diagnosed Diabetes","Percentage","2.3","0.2","2","2.7",,"National Health Interview Survey (NHIS)","Adults Aged 18+ Years","18-44","All","All","All",
"2021","Burden/Magnitude","Diagnosed Diabetes","Percentage","13.3","0.4","12.5","14.1",,"National Health Interview Survey (NHIS)","Adults Aged 18+ Years","45-64","All","All","All",
"2021","Burden/Magnitude","Diagnosed Diabetes","Percentage","19.7","0.6","18.5","21",,"National Health Interview Survey (NHIS)","Adults Aged 18+ Years","65-74","All","All","All",
"2021","Burden/Magnitude","Diagnosed Diabetes","Percentage","18.8","0.8","17.2","20.4",,"National Health Interview Survey (NHIS)","Adults Aged 18+ Years","75+","All","All","All",
"2021","Burden/Magnitude","Diagnosed Diabetes","Percentage","8.5","0.2","8.1","8.8",,"National Health Interview Survey (NHIS)","Adults Aged 18+ Years","Age-Adjusted","All","All","All",
"2021","Burden/Magnitude","Diagnosed Diabetes","Percentage","9.6","0.2","9.2","10",,"National Health Interview Survey (NHIS)","Adults Aged 18+ Years","Crude","All","All","All",
"2022","Burden/Magnitude","Diagnosed Diabetes","Percentage","2.4","0.2","2.1","2.8",,"National Health Interview Survey (NHIS)","Adults Aged 18+ Years","18-44","All","All","All",
"2022","Burden/Magnitude","Diagnosed Diabetes","Percentage","12.5","0.4","11.7","13.3",,"National Health Interview Survey (NHIS)","Adults Aged 18+ Years","45-64","All","All","All",
"2022","Burden/Magnitude","Diagnosed Diabetes","Percentage","19.5","0.7","18.3","20.9",,"National Health Interview Survey (NHIS)","Adults Aged 18+ Years","65-74","All","All","All",
"2022","Burden/Magnitude","Diagnosed Diabetes","Percentage","20.6","0.8","19","22.2",,"National Health Interview Survey (NHIS)","Adults Aged 18+ Years","75+","All","All","All",
"2022","Burden/Magnitude","Diagnosed Diabetes","Percentage","8.4","0.2","8.1","8.8",,"National Health Interview Survey (NHIS)","Adults Aged 18+ Years","Age-Adjusted","All","All","All",
"2022","Burden/Magnitude","Diagnosed Diabetes","Percentage","9.6","0.2","9.2","10",,"National Health Interview Survey (NHIS)","Adults Aged 18+ Years","Crude","All","All","All",
"2023","Burden/Magnitude","Diagnosed Diabetes","Percentage","2.8","0.2","2.4","3.1",,"National Health Interview Survey (NHIS)","Adults Aged 18+ Years","18-44","All","All","All",
"2023","Burden/Magnitude","Diagnosed Diabetes","Percentage","12.5","0.4","11.6","13.3",,"National Health Interview Survey (NHIS)","Adults Aged 18+ Years","45-64","All","All","All",
"2023","Burden/Magnitude","Diagnosed Diabetes","Percentage","20.9","0.6","19.7","22.2",,"National Health Interview Survey (NHIS)","Adults Aged 18+ Years","65-74","All","All","All",
"2023","Burden/Magnitude","Diagnosed Diabetes","Percentage","19.6","0.7","18.2","21",,"National Health Interview Survey (NHIS)","Adults Aged 18+ Years","75+","All","All","All",
"2023","Burden/Magnitude","Diagnosed Diabetes","Percentage","8.6","0.2","8.3","9",,"National Health Interview Survey (NHIS)","Adults Aged 18+ Years","Age-Adjusted","All","All","All",
"2023","Burden/Magnitude","Diagnosed Diabetes","Percentage","9.8","0.2","9.4","10.2",,"National Health Interview Survey (NHIS)","Adults Aged 18+ Years","Crude","All","All","All",
"2024","Burden/Magnitude","Diagnosed Diabetes","Percentage","2.6","0.2","2.3","3",,"National Health Interview Survey (NHIS)","Adults Aged 18+ Years","18-44","All","All","All",
"2024","Burden/Magnitude","Diagnosed Diabetes","Percentage","12.9","0.4","12.1","13.7",,"National Health Interview Survey (NHIS)","Adults Aged 18+ Years","45-64","All","All","All",
"2024","Burden/Magnitude","Diagnosed Diabetes","Percentage","19.9","0.7","18.5","21.3",,"National Health Interview Survey (NHIS)","Adults Aged 18+ Years","65-74","All","All","All",
"2024","Burden/Magnitude","Diagnosed Diabetes","Percentage","21.6","0.8","20.2","23.2",,"National Health Interview Survey (NHIS)","Adults Aged 18+ Years","75+","All","All","All",
"2024","Burden/Magnitude","Diagnosed Diabetes","Percentage","8.8","0.2","8.4","9.1",,"National Health Interview Survey (NHIS)","Adults Aged 18+ Years","Age-Adjusted","All","All","All",
"2024","Burden/Magnitude","Diagnosed Diabetes","Percentage","10","0.2","9.6","10.4",,"National Health Interview Survey (NHIS)","Adults Aged 18+ Years","Crude","All","All","All",
